[
	{
		"inputs": [
			{
				"internalType": "string",
				"name": "name",
				"type": "string"
			},
			{
				"internalType": "string",
				"name": "symbol",
				"type": "string"
			},
			{
				"internalType": "uint256",
				"name": "_mintPriceInWei",
				"type": "uint256"
			},
			{
				"internalType": "address",
				"name": "mintToken_",
				"type": "address"
			},
			{
				"internalType": "address",
				"name": "_treasury",
				"type": "address"
			},
			{
				"internalType": "address",
				"name": "trustedForwarder",
				"type": "address"
			},
			{
				"internalType": "bool",
				"name": "_mustBeWhitelisted",
				"type": "bool"
			}
		],
		"name": "deployNewSBT",
		"outputs": [],
		"stateMutability": "nonpayable",
		"type": "function"
	},
	{
		"inputs": [],
		"name": "counter",
		"outputs": [
			{
				"internalType": "uint256",
				"name": "",
				"type": "uint256"
			}
		],
		"stateMutability": "view",
		"type": "function"
	},
	{
		"inputs": [
			{
				"internalType": "uint256",
				"name": "index",
				"type": "uint256"
			}
		],
		"name": "getContractByIndex",
		"outputs": [
			{
				"internalType": "address",
				"name": "",
				"type": "address"
			}
		],
		"stateMutability": "view",
		"type": "function"
	}
]